{
  "data":[
      {
        "cover":"http://img4.imgtn.bdimg.com/it/u=3135746479,2415760633&fm=27&gp=0.jpg",
        "name":"我爱记歌词",
        "id":"33",
        "num":"68"
      },
      {
        "cover":"https://timgsa.baidu.com/timg?image&quality=80&size=b9999_10000&sec=1516017180257&di=ba64ea3e6b678aa170a228d86204b72b&imgtype=0&src=http%3A%2F%2Fwww.feizl.com%2Fupload2007%2F2014_04%2F140423155620432.png",
        "name":"无病呻吟",
        "id":"44",
        "num":"95"
      },
      {
        "cover":"https://timgsa.baidu.com/timg?image&quality=80&size=b9999_10000&sec=1516017159175&di=80d0b858408e84da43d1842a4c3fd025&imgtype=0&src=http%3A%2F%2Fup.qqjia.com%2Fz%2F24%2Ftu29494_10.jpg",
        "name":"我们都爱玩",
        "id":"55",
        "num":"12"
      },
      {
        "cover":"http://img5.imgtn.bdimg.com/it/u=707321213,3815577706&fm=27&gp=0.jpg",
        "name":"浪漫满屋",
        "id":"66",
        "num":"5"
      },
      {
        "cover":"http://img5.imgtn.bdimg.com/it/u=707321213,3815577706&fm=27&gp=0.jpg",
        "name":"我是灰太狼",
        "id":"88",
        "num":"5"
      },
      {
        "cover":"https://timgsa.baidu.com/timg?image&quality=80&size=b9999_10000&sec=1516017112997&di=d5d87bd7bdb4b1522a9e718f52eaf9ef&imgtype=0&src=http%3A%2F%2Fp1.qqyou.com%2Ftouxiang%2Fuploadpic%2F2013-9%2F6%2F2013090604065218779.jpg",
        "name":"太阳的后裔",
        "id":"77",
        "num":"107"
      }
  ],
  "result":true
}