{
  "result":true,
  "data":[
    {
      "title":"Music",
      "desc":"MusicMusicMusicMusicMusic",
      "id":"1",
      "cover":"https://timgsa.baidu.com/timg?image&quality=80&size=b9999_10000&sec=1517922290457&di=8d06aa157d9caa5e156d01ce9025a1bf&imgtype=0&src=http%3A%2F%2Fn1.itc.cn%2Fimg8%2Fwb%2Frecom%2F2016%2F02%2F25%2F145634808062643638.JPEG"
    },
    {
      "title":"Music2",
      "desc":"MusicMusicMusicMusicMusic",
      "id":"2",
      "cover":"https://ss1.bdstatic.com/70cFvXSh_Q1YnxGkpoWK1HF6hhy/it/u=1297105703,3175147722&fm=27&gp=0.jpg"
    },
    {
      "title":"Music3",
      "desc":"MusicMusicMusicMusicMusic",
      "id":"3",
      "cover":"https://ss1.bdstatic.com/70cFuXSh_Q1YnxGkpoWK1HF6hhy/it/u=404189816,2709240765&fm=27&gp=0.jpg"
    },
    {
      "title":"Music4",
      "desc":"MusicMusicMusicMusicMusic",
      "id":"4",
      "cover":"https://ss3.bdstatic.com/70cFv8Sh_Q1YnxGkpoWK1HF6hhy/it/u=302390327,216012538&fm=27&gp=0.jpg"
    }
  ]
}