{
  "result":true,
  "data":{
    "ranking":[
      {
        "name":"美国Bill-Board排行榜",
        "desc":"最权威的音乐排行榜",
        "id":"3001",
        "cover":"https://timgsa.baidu.com/timg?image&quality=80&size=b9999_10000&sec=1517997792218&di=a41fd80f8ff27b493eb60b2cc3a4df51&imgtype=0&src=http%3A%2F%2Fupload.qianhuaweb.com%2F2016%2F0927%2F1474960678388.jpg"
      },
      {
        "name":"日本Qricon周榜",
        "desc":"日本影响最大的音乐榜单",
        "id":"3002",
        "cover":"https://ss2.bdstatic.com/70cFvnSh_Q1YnxGkpoWK1HF6hhy/it/u=229417647,1800162215&fm=27&gp=0.jpg"
      },
      {
        "name":"华语歌曲排行榜",
        "desc":"中国内地音乐流行风向标",
        "id":"3003",
        "cover":"https://timgsa.baidu.com/timg?image&quality=80&size=b9999_10000&sec=1518592748&di=61a97183e2387373f703b653ab283d67&imgtype=jpg&er=1&src=http%3A%2F%2Fwww.ttpaihang.com%2Fimage%2Fvote%2Fu150621165143890818.jpg"
      }
    ],
    "style":[
      {
        "name":"摇滚",
        "id":"1",
        "cover":"https://ss0.bdstatic.com/70cFuHSh_Q1YnxGkpoWK1HF6hhy/it/u=3373266493,113597133&fm=27&gp=0.jpg"
      },
      {
        "name":"爵士",
        "id":"2",
        "cover":"https://timgsa.baidu.com/timg?image&quality=80&size=b9999_10000&sec=1517920300579&di=44c52e0735611c66ea770b7a2aad09c8&imgtype=0&src=http%3A%2F%2Fimg21.mtime.cn%2Fmg%2F2010%2F10%2F08%2F102347.42954723.jpg"
      },
      {
        "name":"流行",
        "id":"3",
        "cover":"https://timgsa.baidu.com/timg?image&quality=80&size=b9999_10000&sec=1517920343628&di=c917da3dec9433e47dbff204306b56c5&imgtype=0&src=http%3A%2F%2Fimg0.pclady.com.cn%2Fpclady%2F1701%2F13%2F1656297_14.jpg"
      },
      {
        "name":"柔情",
        "id":"4",
        "cover":"https://ss0.bdstatic.com/70cFvHSh_Q1YnxGkpoWK1HF6hhy/it/u=452589178,87996854&fm=27&gp=0.jpg"
      },
      {
        "name":"经典",
        "id":"5",
        "cover":"https://ss3.bdstatic.com/70cFv8Sh_Q1YnxGkpoWK1HF6hhy/it/u=1601698238,3811500311&fm=27&gp=0.jpg"
      },
      {
        "name":"游戏",
        "id":"6",
        "cover":"https://timgsa.baidu.com/timg?image&quality=80&size=b9999_10000&sec=1517920503751&di=0d443dd4161d9ca2d856d22de6af0402&imgtype=0&src=http%3A%2F%2Fpc.yzz.cn%2Fpublic%2Fimages%2F100106%2F29_113431_1_lit.jpg"
      },
      {
        "name":"电影",
        "id":"7",
        "cover":"https://timgsa.baidu.com/timg?image&quality=80&size=b9999_10000&sec=1517920559370&di=e43e500344cbb8d8672e39592b5b0fc8&imgtype=0&src=http%3A%2F%2Fi2.sinaimg.cn%2Fgm%2F2014%2F0411%2FU3711P115DT20140411151723.jpg"
      }
    ]
  }
}