{
  "result":true,
  "data":[
    {
      "name":"美国Bill-Board排行榜",
      "desc":"最权威的音乐排行榜",
      "id":"3001",
      "cover":"https://timgsa.baidu.com/timg?image&quality=80&size=b9999_10000&sec=1517997792218&di=a41fd80f8ff27b493eb60b2cc3a4df51&imgtype=0&src=http%3A%2F%2Fupload.qianhuaweb.com%2F2016%2F0927%2F1474960678388.jpg"
    },
    {
      "name":"日本Qricon周榜",
      "desc":"日本影响最大的音乐榜单",
      "id":"3002",
      "cover":"https://ss2.bdstatic.com/70cFvnSh_Q1YnxGkpoWK1HF6hhy/it/u=229417647,1800162215&fm=27&gp=0.jpg"
    },
    {
      "name":"华语歌曲排行榜",
      "desc":"中国内地音乐流行风向标",
      "id":"3003",
      "cover":"https://timgsa.baidu.com/timg?image&quality=80&size=b9999_10000&sec=1518592748&di=61a97183e2387373f703b653ab283d67&imgtype=jpg&er=1&src=http%3A%2F%2Fwww.ttpaihang.com%2Fimage%2Fvote%2Fu150621165143890818.jpg"
    },
    {
      "name":"港台歌曲周榜",
      "desc":"汇聚港台音乐精华",
      "id":"3004",
      "cover":"https://ss0.bdstatic.com/70cFvHSh_Q1YnxGkpoWK1HF6hhy/it/u=2320471320,2587442026&fm=11&gp=0.jpg"
    },
    {
      "name":"百事音乐风云榜",
      "desc":"网罗天下好音乐",
      "id":"3005",
      "cover":"https://ss0.bdstatic.com/70cFvHSh_Q1YnxGkpoWK1HF6hhy/it/u=2320471320,2587442026&fm=11&gp=0.jpg"
    },
    {
      "name":"中国Top10排行榜",
      "desc":"中国内地权威音乐指南",
      "id":"3006",
      "cover":"http://p1.music.126.net/2klOtThpDQ0CMhOy5AOzSg==/18878614648932971.jpg?param=150y150"
    }
  ]
}