{
  "result":true,
  "data":[
    {
      "name":"等不到你",
      "artist":"夏天Alex",
      "src":"http://wma.5282.cc/2008-11//20160707/6.mp3",
      "img":"https://timgsa.baidu.com/timg?image&quality=80&size=b9999_10000&sec=1515858245249&di=6a9bb9ec7223c83aa50a7ca23b732027&imgtype=0&src=http%3A%2F%2Fwww.hxw163.com%2Fuploadfile%2F2016%2F0806%2F20160806100520905.jpg",
      "id":"886545",
      "isCollected":false
    },
    {
      "name":"煎熬",
      "artist":"李佳薇",
      "src":"http://wma.5282.cc/2008-11//20150306/5.mp3",
      "img":"https://ss3.bdstatic.com/70cFv8Sh_Q1YnxGkpoWK1HF6hhy/it/u=626117404,1177682723&fm=27&gp=0.jpg",
      "id":"886542",
      "isCollected":false
    },
    {
      "name":"成都",
      "artist":"赵雷",
      "src":"http://wma.5282.cc/2008-11//20170626/4.mp3",
      "img":"http://p1.music.126.net/34YW1QtKxJ_3YnX9ZzKhzw==/2946691234868155.jpg?param=130y130",
      "id":"223542",
      "isCollected":false
    },
    {
      "name":"一笑倾城",
      "artist":"汪苏泷",
      "src":"http://wma.5282.cc/2008-11//20160822/8.mp3",
      "img":"https://timgsa.baidu.com/timg?image&quality=80&size=b9999_10000&sec=1515858100418&di=41b1e981d5276a566b5dea7175854049&imgtype=0&src=http%3A%2F%2Fh.hiphotos.baidu.com%2Fzhidao%2Fpic%2Fitem%2F5fdf8db1cb13495436a384515e4e9258d1094a41.jpg",
      "id":"22132",
      "isCollected":false
    },
    {
      "name":"突然想爱你",
      "artist":"容祖儿",
      "src":"http://wma.5282.cc/2008-11//20160320/4.mp3",
      "img":"https://timgsa.baidu.com/timg?image&quality=80&size=b9999_10000&sec=1515858512649&di=caddb8cdeef1b56d8d4e7696173c0447&imgtype=0&src=http%3A%2F%2Fwww.people.com.cn%2Fmediafile%2Fpic%2F20150616%2F57%2F15751470060407988909.jpg",
      "id":"45465",
      "isCollected":false
    },
    {
      "name":"一笑倾城",
      "artist":"汪苏泷",
      "src":"http://wma.5282.cc/2008-11//20160822/8.mp3",
      "img":"https://timgsa.baidu.com/timg?image&quality=80&size=b9999_10000&sec=1515858100418&di=41b1e981d5276a566b5dea7175854049&imgtype=0&src=http%3A%2F%2Fh.hiphotos.baidu.com%2Fzhidao%2Fpic%2Fitem%2F5fdf8db1cb13495436a384515e4e9258d1094a41.jpg",
      "id":"22132876",
      "isCollected":false
    },
    {
      "name":"突然想爱你",
      "artist":"容祖儿",
      "src":"http://wma.5282.cc/2008-11//20160320/4.mp3",
      "img":"https://timgsa.baidu.com/timg?image&quality=80&size=b9999_10000&sec=1515858512649&di=caddb8cdeef1b56d8d4e7696173c0447&imgtype=0&src=http%3A%2F%2Fwww.people.com.cn%2Fmediafile%2Fpic%2F20150616%2F57%2F15751470060407988909.jpg",
      "id":"454654325",
      "isCollected":false
    },
    {
      "name":"一笑倾城",
      "artist":"汪苏泷",
      "src":"http://wma.5282.cc/2008-11//20160822/8.mp3",
      "img":"https://timgsa.baidu.com/timg?image&quality=80&size=b9999_10000&sec=1515858100418&di=41b1e981d5276a566b5dea7175854049&imgtype=0&src=http%3A%2F%2Fh.hiphotos.baidu.com%2Fzhidao%2Fpic%2Fitem%2F5fdf8db1cb13495436a384515e4e9258d1094a41.jpg",
      "id":"2213254325",
      "isCollected":false
    },
    {
      "name":"突然想爱你",
      "artist":"容祖儿",
      "src":"http://wma.5282.cc/2008-11//20160320/4.mp3",
      "img":"https://timgsa.baidu.com/timg?image&quality=80&size=b9999_10000&sec=1515858512649&di=caddb8cdeef1b56d8d4e7696173c0447&imgtype=0&src=http%3A%2F%2Fwww.people.com.cn%2Fmediafile%2Fpic%2F20150616%2F57%2F15751470060407988909.jpg",
      "id":"454655432245",
      "isCollected":false
    },
    {
      "name":"终于等到你",
      "artist":"张靓颖",
      "src":"http://wma.5282.cc/2008-11//20131015/3.mp3",
      "img":"http://img.361t.net/20100811/20100811103031-1622322026.jpg",
      "id":"465475",
      "isCollected":false
    }
  ]
}