{
  "result":true,
  "data":[
    {
      "name":"摇滚",
      "id":"1",
      "cover":"https://ss0.bdstatic.com/70cFuHSh_Q1YnxGkpoWK1HF6hhy/it/u=3373266493,113597133&fm=27&gp=0.jpg"
    },
    {
      "name":"爵士",
      "id":"2",
      "cover":"https://timgsa.baidu.com/timg?image&quality=80&size=b9999_10000&sec=1517920300579&di=44c52e0735611c66ea770b7a2aad09c8&imgtype=0&src=http%3A%2F%2Fimg21.mtime.cn%2Fmg%2F2010%2F10%2F08%2F102347.42954723.jpg"
    },
    {
      "name":"流行",
      "id":"3",
      "cover":"https://timgsa.baidu.com/timg?image&quality=80&size=b9999_10000&sec=1517920343628&di=c917da3dec9433e47dbff204306b56c5&imgtype=0&src=http%3A%2F%2Fimg0.pclady.com.cn%2Fpclady%2F1701%2F13%2F1656297_14.jpg"
    },
    {
      "name":"柔情",
      "id":"4",
      "cover":"https://ss0.bdstatic.com/70cFvHSh_Q1YnxGkpoWK1HF6hhy/it/u=452589178,87996854&fm=27&gp=0.jpg"
    },
    {
      "name":"经典",
      "id":"5",
      "cover":"https://ss3.bdstatic.com/70cFv8Sh_Q1YnxGkpoWK1HF6hhy/it/u=1601698238,3811500311&fm=27&gp=0.jpg"
    },
    {
      "name":"游戏",
      "id":"6",
      "cover":"https://timgsa.baidu.com/timg?image&quality=80&size=b9999_10000&sec=1517920503751&di=0d443dd4161d9ca2d856d22de6af0402&imgtype=0&src=http%3A%2F%2Fpc.yzz.cn%2Fpublic%2Fimages%2F100106%2F29_113431_1_lit.jpg"
    },
    {
      "name":"电影",
      "id":"7",
      "cover":"https://timgsa.baidu.com/timg?image&quality=80&size=b9999_10000&sec=1517920559370&di=e43e500344cbb8d8672e39592b5b0fc8&imgtype=0&src=http%3A%2F%2Fi2.sinaimg.cn%2Fgm%2F2014%2F0411%2FU3711P115DT20140411151723.jpg"
    }
  ]
}