{
  "data":[
    {
      "nickName":"大宝",
      "avatar":"https://timgsa.baidu.com/timg?image&quality=80&size=b9999_10000&sec=1515941663358&di=962089726d677d01ffa464ce59c94933&imgtype=0&src=http%3A%2F%2Fp1.qqyou.com%2Ftouxiang%2FUploadPic%2F2015-4%2F15%2F201504151133475846.jpg",
      "createDate":"2017.03.05",
      "content":"这专辑真的很好听"
    },
    {
      "nickName":"小黑犬",
      "avatar":"https://ss3.bdstatic.com/70cFv8Sh_Q1YnxGkpoWK1HF6hhy/it/u=524395608,2353829721&fm=27&gp=0.jpg",
      "createDate":"2017.06.12",
      "content":"好听好听"
    },
    {
      "nickName":"小宝",
      "avatar":"https://timgsa.baidu.com/timg?image&quality=80&size=b9999_10000&sec=1515941700984&di=c9f2bf844b612bc7636830e82894101c&imgtype=0&src=http%3A%2F%2Fp2.gexing.com%2FG1%2FM00%2F57%2F4B%2FrBACE1PMprDC5YvRAAApLA8dkfg161.jpg",
      "createDate":"2017.03.05",
      "content":"这专辑真的很好听，这专辑真的很好听，这专辑真的很好听。"
    },
    {
      "nickName":"中宝",
      "avatar":"https://timgsa.baidu.com/timg?image&quality=80&size=b9999_10000&sec=1516536443&di=3fef2a6954c0d3eaf700736040ba13cd&imgtype=jpg&er=1&src=http%3A%2F%2Ftx.haiqq.com%2Fuploads%2Fallimg%2Fc161208%2F14Q12EI62220-105940.jpg",
      "createDate":"2017.11.19",
      "content":"太好听了，真的太好听了"
    }
  ],
  "result":true
}