{
  "result":true,
  "data":[
    {
      "cover":"https://gss1.bdstatic.com/-vo3dSag_xI4khGkpoWK1HF6hhy/baike/w%3D268%3Bg%3D0/sign=47165f7779f40ad115e4c0e56f1776e2/cdbf6c81800a19d8f153ec4a31fa828ba61e4628.jpg",
      "id":"321",
      "name":"经典欧美摇滚乐",
      "num":"28"
    },
    {
      "cover":"https://ss0.bdstatic.com/70cFuHSh_Q1YnxGkpoWK1HF6hhy/it/u=3373266493,113597133&fm=27&gp=0.jpg",
      "id":"3424",
      "name":"国内经典摇滚乐",
      "num":"28"
    },
    {
      "cover":"https://ss2.bdstatic.com/70cFvnSh_Q1YnxGkpoWK1HF6hhy/it/u=844138806,3523893810&fm=27&gp=0.jpg",
      "id":"536356534",
      "name":"女生摇滚",
      "num":"50"
    },
    {
      "cover":"https://timgsa.baidu.com/timg?image&quality=80&size=b9999_10000&sec=1518093154065&di=769698c1d810dcf961263edb40e118b4&imgtype=0&src=http%3A%2F%2Fwww.artsbj.com%2Fuploadfile%2F2018%2F0119%2F20180119114858134.jpg",
      "id":"5634",
      "name":"社会摇",
      "num":"12"
    },
    {
      "cover":"https://timgsa.baidu.com/timg?image&quality=80&size=b9999_10000&sec=1518093214754&di=4a08e782e095d9993d50397eda1adf02&imgtype=0&src=http%3A%2F%2Fimg3.cache.netease.com%2Fhouse%2F2015%2F12%2F14%2F2015121415233207455.jpg",
      "id":"53634",
      "name":"摇摇摇摇起来！！小宝贝",
      "num":"33"
    },
    {
      "cover":"https://timgsa.baidu.com/timg?image&quality=80&size=b9999_10000&sec=1518093308242&di=0e412484e8d1e744c73d791be4efb09e&imgtype=0&src=http%3A%2F%2Fimg2.mtime.cn%2Fup%2F238%2F1762238%2F3F6C46CE-2F6A-4037-8C63-E6D95CA96671_500.jpg",
      "id":"432432",
      "name":"疯狂摇滚！！",
      "num":"65"
    }
  ]
}