{
  "data":[
    {
      "src":"http://p3.music.126.net/fOnFKds9TyX4xiwXJpOctg==/109951163104649491.jpg?param=200y200",
      "id":"325664",
      "name":"伤感网络"
    },
    {
      "src":"http://p4.music.126.net/j-67AIUG3Vbgc232ZfBBNA==/109951163070603219.jpg?param=200y200",
      "id":"325667",
      "name":"动漫神曲"
    },
    {
      "src":"http://p4.music.126.net/Z9aZabA9Or0wLDjs9HQYfA==/109951163104890500.jpg?param=200y200",
      "id":"325665",
      "name":"休闲时光"
    },
    {
      "src":"http://p1.music.126.net/iT4DggSv3e7AaB7Tv96OTA==/109951163104397699.jpg?param=140y140",
      "id":"325644",
      "name":"重金属风格"
    },
    {
      "src":"http://p4.music.126.net/a9tL50Jhgz6YogiI_lSFZQ==/109951163079100103.jpg?param=200y200",
      "id":"325664",
      "name":"甜蜜情歌"
    },
    {
      "src":"http://p1.music.126.net/6AzO3HTTvhxY4yBip_gSpA==/18659811836942944.jpg?param=140y140",
      "id":"45465468",
      "name":"画风惊奇"
    },
    {
      "src":"http://p1.music.126.net/_ZutcL6GJiMqzKSfwKW2EQ==/19175482788941549.jpg?param=140y140",
      "id":"665541554",
      "name":"洗脑神曲"
    },
    {
      "src":"http://p1.music.126.net/v_zYgE9kmAwVGWV2c8hFxA==/7943971513291094.jpg?param=180y180",
      "id":"775456",
      "name":"民谣风"
    }
  ],
  "result":true
}