{
  "data":{
    "name":"十一月的肖邦",
    "artist":"周杰伦",
    "date":"2008.03.06",
    "img":"https://ss1.bdstatic.com/70cFuXSh_Q1YnxGkpoWK1HF6hhy/it/u=4041935431,448091876&fm=27&gp=0.jpg",
    "songs":[
      {
        "name":"等不到你(十一月的肖邦)",
        "artist":"夏天Alex",
        "src":"http://wma.5282.cc/2008-11//20160707/6.mp3",
        "img":"https://timgsa.baidu.com/timg?image&quality=80&size=b9999_10000&sec=1515858245249&di=6a9bb9ec7223c83aa50a7ca23b732027&imgtype=0&src=http%3A%2F%2Fwww.hxw163.com%2Fuploadfile%2F2016%2F0806%2F20160806100520905.jpg",
        "id":"886545",
        "isCollected":false
      },
      {
        "name":"煎熬(十一月的肖邦)",
        "artist":"李佳薇",
        "src":"http://wma.5282.cc/2008-11//20150306/5.mp3",
        "img":"https://ss3.bdstatic.com/70cFv8Sh_Q1YnxGkpoWK1HF6hhy/it/u=626117404,1177682723&fm=27&gp=0.jpg",
        "id":"886542",
        "isCollected":false
      },
      {
        "name":"成都(十一月的肖邦)",
        "artist":"赵雷",
        "src":"http://wma.5282.cc/2008-11//20170626/4.mp3",
        "img":"http://p1.music.126.net/34YW1QtKxJ_3YnX9ZzKhzw==/2946691234868155.jpg?param=130y130",
        "id":"223542",
        "isCollected":false
      },
      {
        "name":"一笑倾城(十一月的肖邦)",
        "artist":"汪苏泷",
        "src":"http://wma.5282.cc/2008-11//20160822/8.mp3",
        "img":"https://timgsa.baidu.com/timg?image&quality=80&size=b9999_10000&sec=1515858100418&di=41b1e981d5276a566b5dea7175854049&imgtype=0&src=http%3A%2F%2Fh.hiphotos.baidu.com%2Fzhidao%2Fpic%2Fitem%2F5fdf8db1cb13495436a384515e4e9258d1094a41.jpg",
        "id":"22132",
        "isCollected":false
      },
      {
        "name":"郎的诱惑(十一月的肖邦)",
        "artist":"凤凰传奇",
        "src":"http://mp3.9ku.com/m4a/183198.m4a",
        "img":"https://ss0.baidu.com/6ONWsjip0QIZ8tyhnq/it/u=76958982,3330824755&fm=58",
        "id":"45547895",
        "isCollected":false
      },
      {
        "name":"突然想爱你(十一月的肖邦)",
        "artist":"容祖儿",
        "src":"http://wma.5282.cc/2008-11//20160320/4.mp3",
        "img":"https://timgsa.baidu.com/timg?image&quality=80&size=b9999_10000&sec=1519021731144&di=fc97d219645015a64a5d6aa057bdf53a&imgtype=0&src=http%3A%2F%2Fphotocdn.sohu.com%2F20150428%2FImg412057929.jpg",
        "id":"455465",
        "isCollected":false
      },
      {
        "name":"终于等到你(十一月的肖邦)",
        "artist":"张靓颖",
        "src":"http://wma.5282.cc/2008-11//20131015/3.mp3",
        "img":"https://ss2.bdstatic.com/70cFvnSh_Q1YnxGkpoWK1HF6hhy/it/u=2352642322,3542502992&fm=27&gp=0.jpg",
        "id":"475",
        "isCollected":false
      },
      {
        "name":"再见只是陌生人(十一月的肖邦)",
        "artist":"庄心妍",
        "src":"http://mp3.9ku.com/tuijian/2015/10-19/667326.mp3",
        "img":"https://timgsa.baidu.com/timg?image&quality=80&size=b9999_10000&sec=1519021615516&di=a2bc9ac5857a5b1750e21c347d928d5e&imgtype=0&src=http%3A%2F%2Fmusic.chinadjba.com%2Fforum%2F201603%2F19%2F174504ll4a3fjxl2x2lf1m.jpg",
        "id":"475789465",
        "isCollected":false
      }
    ],
    "introduction":"《十一月的萧邦》是周杰伦2005年11月发行的专辑。作曲人为周杰伦，并包办了专辑中所有歌曲的作曲以及专辑的造型设计，作词人为周杰伦、方文山等人。"
  },
  "result":true
}